feature,mean_macro_f1_drop,std
ShapeFactor2,0.0014593185421579503,0.002067504659595878
Extent,0.004223822673820732,0.0030853946200476152
MajorAxisLength,0.011984667133465021,0.0032761318642559
ConvexArea,0.012645424471251032,0.0019297533056662256
Area,0.012901864960860876,0.0017326998252951236
EquivDiameter,0.0161352612498487,0.0021306031759754616
Solidity,0.020571743192830883,0.0036456698663809113
Perimeter,0.021093770252115097,0.0028142555447927715
MinorAxisLength,0.021217786968770812,0.002331601988752525
Compactness,0.021326279603801623,0.0014943650229364963
ShapeFactor3,0.02240681743683215,0.0018953399959780793
AspectRation,0.02390817263042606,0.002229570242513405
Eccentricity,0.026599670409534946,0.0026641774373117842
ShapeFactor1,0.04011814855056424,0.004683530771240378
ShapeFactor4,0.09546007344347766,0.002647875812592416
roundness,0.10245848836562135,0.004779172754060768
